City_ID,City,Country,Lat,Lng,Max Temp,Humidity,Cloudiness,Wind Speed,Weather Description
0,Rikitea,PF,-23.1203,-134.9692,81.21,79,37,8.99,light rain
1,Dingle,PH,10.9995,122.6711,84.9,65,41,15.64,scattered clouds
2,Puerto Ayora,EC,-0.7393,-90.3518,77.0,92,24,3.0,few clouds
3,Punta Arenas,CL,-53.15,-70.9167,55.4,71,75,12.66,broken clouds
4,Okhotsk,RU,59.3833,143.3,-0.13,80,0,6.29,clear sky
5,Vaini,TO,-21.2,-175.2,80.6,54,20,14.97,few clouds
6,San Cristobal,VE,7.7669,-72.225,77.0,78,40,4.61,scattered clouds
7,Upernavik,GL,72.7868,-56.1549,0.73,85,100,7.23,overcast clouds
8,Ahipara,NZ,-35.1667,173.1667,67.57,58,48,7.05,scattered clouds
9,Plettenberg Bay,ZA,-34.0527,23.3716,58.93,76,86,4.07,overcast clouds
10,North Bend,US,43.4065,-124.2243,42.8,81,90,11.5,overcast clouds
11,Lavrentiya,RU,65.5833,-171.0,11.75,93,52,7.74,broken clouds
12,Ponta Do Sol,PT,32.6667,-17.1,59.0,67,40,9.22,scattered clouds
13,Hirara,JP,24.8,125.2833,75.2,78,40,6.91,scattered clouds
14,Gladstone,AU,-23.85,151.25,86.0,48,3,11.5,light rain
15,Touros,BR,-5.1989,-35.4608,77.0,88,0,4.61,clear sky
16,Kodiak,US,57.79,-152.4072,41.0,60,1,4.61,clear sky
17,Sao Filipe,CV,14.8961,-24.4956,68.31,78,56,14.67,broken clouds
18,Bluff,NZ,-46.6,168.3333,66.99,57,74,10.0,broken clouds
19,Mataura,NZ,-46.1927,168.8643,66.99,57,74,10.0,broken clouds
20,Talcahuano,CL,-36.7167,-73.1167,60.8,77,0,2.3,clear sky
21,Atuona,PF,-9.8,-139.0333,79.27,76,85,14.18,overcast clouds
22,Harper,LR,4.375,-7.7169,78.06,87,59,6.93,light rain
23,Nanortalik,GL,60.1432,-45.2371,25.61,96,100,9.44,overcast clouds
24,Pimentel,PE,-6.8367,-79.9342,72.0,87,100,1.01,overcast clouds
25,Zabol,AF,32.25,67.25,45.45,47,0,5.53,clear sky
26,Bairiki,KI,1.3292,172.9752,86.0,66,40,12.66,scattered clouds
27,Novyy Urgal,RU,51.0736,132.5642,27.21,95,100,1.79,light snow
28,Pevek,RU,69.7008,170.3133,-13.9,88,100,12.35,overcast clouds
29,Riyadh,SA,24.6877,46.7219,66.2,34,0,6.91,clear sky
30,Cape Town,ZA,-33.9258,18.4232,60.8,59,75,8.05,broken clouds
31,Uberlandia,BR,-18.9186,-48.2772,66.79,90,100,3.89,overcast clouds
32,Omsukchan,RU,62.5333,155.8,-9.2,80,0,3.15,clear sky
33,Yulara,AU,-25.2406,130.9889,86.0,28,0,8.05,clear sky
34,Salym,RU,60.0625,71.4789,7.65,95,100,7.09,light snow
35,Morondava,MG,-20.2833,44.2833,74.84,80,0,4.72,clear sky
36,Thinadhoo,MV,0.5333,72.9333,83.61,65,7,4.25,light rain
37,Busselton,AU,-33.65,115.3333,78.01,64,36,5.01,scattered clouds
38,Souillac,MU,-20.5167,57.5167,77.0,88,40,4.21,scattered clouds
39,Qaanaaq,GL,77.484,-69.3632,-6.61,65,79,6.24,broken clouds
40,Lakes Entrance,AU,-37.8811,147.981,66.99,62,74,1.01,broken clouds
41,Tanout,NE,14.9709,8.8879,74.71,15,0,10.51,clear sky
42,Plyussa,RU,58.4308,29.3654,5.83,95,64,3.29,broken clouds
43,Acari,PE,-15.4311,-74.6158,76.89,63,92,2.62,overcast clouds
44,Hermanus,ZA,-34.4187,19.2345,57.99,71,100,5.01,overcast clouds
45,Jacareacanga,BR,-6.2222,-57.7528,73.36,97,100,2.44,heavy intensity rain
46,Avera,US,33.194,-82.5271,50.0,49,1,3.44,clear sky
47,Torbay,CA,47.6666,-52.7314,25.0,74,75,2.3,broken clouds
48,Vostok,RU,46.4856,135.8833,32.14,96,2,10.09,clear sky
49,Pandan,PH,14.0453,124.1694,82.04,68,92,15.73,overcast clouds
50,Fort Nelson,CA,58.8053,-122.7002,17.6,67,75,3.44,light snow
51,Belmonte,BR,-15.8631,-38.8828,77.0,83,0,3.44,clear sky
52,Ikwiriri,TZ,-7.9562,38.9716,72.66,97,100,2.93,overcast clouds
53,Kutum,SD,14.2,24.6667,58.23,24,0,6.8,clear sky
54,Victoria,HK,22.2855,114.1577,69.01,80,78,3.0,broken clouds
55,Albany,US,42.6001,-73.9662,32.0,37,41,3.22,scattered clouds
56,Kapaa,US,22.0752,-159.319,73.99,78,75,19.57,moderate rain
57,Te Anau,NZ,-45.4167,167.7167,60.71,56,100,7.63,moderate rain
58,Jamestown,US,42.097,-79.2353,45.0,45,90,15.28,overcast clouds
59,Vardo,NO,70.3705,31.1107,23.27,84,100,11.92,overcast clouds
60,Kheralu,IN,23.8833,72.6167,75.79,43,0,5.77,clear sky
61,Ushuaia,AR,-54.8,-68.3,59.0,51,75,17.27,broken clouds
62,Ambilobe,MG,-13.2,49.05,73.99,96,100,1.54,light rain
63,Hilo,US,19.7297,-155.09,71.6,83,90,5.75,heavy intensity rain
64,Tilichiki,RU,60.4667,166.1,-12.32,87,93,3.58,overcast clouds
65,Norman Wells,CA,65.282,-126.8329,-0.4,60,20,4.61,few clouds
66,Powell River,CA,49.8496,-124.5361,42.8,87,75,5.75,broken clouds
67,Thompson,CA,55.7435,-97.8558,21.2,68,1,4.61,clear sky
68,Guarda,PT,40.5373,-7.2658,44.01,86,0,5.01,clear sky
69,Buta,CD,2.7858,24.73,67.68,97,97,2.64,light rain
70,Avarua,CK,-21.2078,-159.775,80.6,78,75,11.5,moderate rain
71,Khatanga,RU,71.9667,102.5,-22.54,87,59,4.14,broken clouds
72,Severo-Kurilsk,RU,50.6789,156.125,23.86,91,100,18.77,overcast clouds
73,Necochea,AR,-38.5473,-58.7368,50.0,79,32,7.38,scattered clouds
74,Ambon,ID,-3.6954,128.1814,89.6,55,20,10.36,few clouds
75,Korla,CN,41.7597,86.1469,50.43,43,48,10.18,scattered clouds
76,Druzhba,UA,52.0428,33.9453,10.62,96,69,7.43,broken clouds
77,Jibuti,DJ,11.5,42.5,75.2,78,40,16.02,haze
78,Chuy,UY,-33.6971,-53.4616,67.05,87,100,4.74,overcast clouds
79,Leningradskiy,RU,69.3833,178.4167,-11.94,86,100,2.73,overcast clouds
80,Dikson,RU,73.5069,80.5464,-13.54,90,100,3.15,overcast clouds
81,Opuwo,NA,-18.0607,13.84,70.47,28,62,3.27,broken clouds
82,Nome,US,64.5011,-165.4064,26.6,93,75,13.8,broken clouds
83,Berlevag,NO,70.8578,29.0864,20.28,87,99,3.53,light snow
84,Ribeira Grande,PT,38.5167,-28.7,60.1,91,45,5.03,scattered clouds
85,Esperance,AU,-33.8667,121.9,71.6,64,90,10.36,overcast clouds
86,Kampene,CD,-3.6,26.6667,65.41,91,100,1.88,overcast clouds
87,Port Alfred,ZA,-33.5906,26.891,63.0,86,100,1.99,overcast clouds
88,Manta,EC,-0.95,-80.7333,75.2,94,90,9.22,moderate rain
89,Bathsheba,BB,13.2167,-59.5167,77.0,65,20,17.27,few clouds
90,Bambous Virieux,MU,-20.3428,57.7575,77.0,88,40,7.29,scattered clouds
91,Mwinilunga,ZM,-11.7358,24.4293,61.56,98,100,4.36,light rain
92,Mar Del Plata,AR,-38.0023,-57.5575,61.0,63,40,12.66,scattered clouds
93,Sinnamary,GF,5.3833,-52.95,77.04,86,98,12.06,overcast clouds
94,Yeppoon,AU,-23.1333,150.7333,89.6,40,14,4.61,few clouds
95,Kilindoni,TZ,-7.9139,39.6668,80.76,80,100,13.49,moderate rain
96,Hobart,AU,-42.8794,147.3294,68.0,48,75,11.5,broken clouds
97,Warrnambool,AU,-38.3833,142.4833,64.0,70,61,10.51,broken clouds
98,Huejuquilla El Alto,MX,22.6,-103.8667,56.97,49,0,2.75,clear sky
99,Shellbrook,CA,53.2168,-106.4011,30.2,64,20,12.66,few clouds
100,Longyearbyen,SJ,78.2186,15.6401,23.0,50,75,11.5,broken clouds
101,Qui Nhon,VN,13.7667,109.2333,78.64,76,46,9.4,scattered clouds
102,Provideniya,RU,64.3833,-173.3,19.4,86,90,13.42,heavy snow
103,Faanui,PF,-16.4833,-151.75,83.34,73,100,17.43,overcast clouds
104,Bethel,US,41.3712,-73.414,33.01,59,1,4.14,clear sky
105,Neiafu,TO,-18.65,-173.9833,82.4,65,40,6.91,scattered clouds
106,Tasiilaq,GL,65.6145,-37.6368,17.6,86,75,24.16,snow
107,San Policarpo,PH,12.1791,125.5072,81.36,71,66,15.03,broken clouds
108,Meulaboh,ID,4.1363,96.1285,83.26,66,4,2.66,clear sky
109,Uribia,CO,11.7139,-72.266,78.35,73,95,17.45,overcast clouds
110,Shakhtinsk,KZ,49.71,72.5872,-11.2,77,0,6.71,clear sky
111,Saskylakh,RU,71.9167,114.0833,-23.44,84,66,4.7,broken clouds
112,Mahebourg,MU,-20.4081,57.7,77.0,88,40,7.11,scattered clouds
113,Cabo San Lucas,MX,22.8909,-109.9124,71.6,46,20,3.44,few clouds
114,Cidreira,BR,-30.1811,-50.2056,73.35,83,19,7.83,few clouds
115,Carutapera,BR,-1.195,-46.02,76.32,94,100,8.34,overcast clouds
116,Vila Velha,BR,-20.3297,-40.2925,73.4,94,90,5.75,overcast clouds
117,Namatanai,PG,-3.6667,152.4333,84.81,66,98,7.18,overcast clouds
118,Fort Saint James,CA,54.4333,-124.25,28.24,96,100,1.36,overcast clouds
119,Mazara Del Vallo,IT,37.6641,12.588,48.0,88,23,8.57,few clouds
120,Castro,BR,-24.7911,-50.0119,61.0,93,18,2.57,few clouds
121,Kruisfontein,ZA,-34.0033,24.7314,57.99,89,73,3.47,broken clouds
122,Rosarito,MX,32.3333,-117.0333,59.0,82,75,9.22,broken clouds
123,Ixtapa,MX,20.7,-105.2,73.99,88,1,5.75,clear sky
124,Berdigestyakh,RU,62.0989,126.6992,8.74,94,96,6.11,overcast clouds
125,Odweyne,SO,9.4092,45.064,58.19,88,1,5.68,clear sky
126,Rocha,UY,-34.4833,-54.3333,63.64,91,0,2.1,clear sky
127,Carnarvon,AU,-24.8667,113.6333,82.98,64,97,11.12,overcast clouds
128,Huarmey,PE,-10.0681,-78.1522,72.9,76,93,4.52,overcast clouds
129,Saint-Leu,RE,-21.15,55.2833,77.0,61,0,8.05,clear sky
130,Bredasdorp,ZA,-34.5322,20.0403,55.4,76,100,8.05,overcast clouds
131,Codrington,AU,-38.2667,141.9667,62.47,58,20,10.2,few clouds
132,Cayenne,GF,4.9333,-52.3333,80.6,83,75,8.05,broken clouds
133,Cleburne,US,32.3476,-97.3867,62.01,51,90,8.05,overcast clouds
134,Mackay,AU,-21.15,149.2,87.01,61,19,9.22,few clouds
135,Muros,ES,42.7762,-9.0603,44.01,78,1,1.99,clear sky
136,Airai,TL,-8.9266,125.4092,73.45,77,100,2.71,overcast clouds
137,Singaraja,ID,-8.112,115.0882,84.31,67,72,2.06,broken clouds
138,Tambura,SS,5.6,27.4667,70.95,61,0,5.86,clear sky
139,Hithadhoo,MV,-0.6,73.0833,83.71,64,92,4.76,overcast clouds
140,Zhuhai,CN,22.2769,113.5678,71.01,78,20,13.8,few clouds
141,Portland,US,45.5234,-122.6762,45.0,76,75,13.8,broken clouds
142,Itoman,JP,26.1247,127.6694,73.4,73,20,3.44,few clouds
143,Baruun-Urt,MN,46.6806,113.2792,25.48,89,0,9.24,clear sky
144,Svetlogorsk,BY,52.6333,29.7333,15.66,96,20,6.02,few clouds
145,Tingo Maria,PE,-9.2895,-76.0088,70.14,84,100,2.24,overcast clouds
146,Jennings,US,38.7192,-90.2604,59.0,41,1,6.91,clear sky
147,Cherskiy,RU,68.75,161.3,-10.01,88,100,11.72,overcast clouds
148,Kushiro,JP,42.975,144.3747,33.8,69,20,9.22,few clouds
149,Uvalde,US,29.3669,-99.767,66.2,63,75,9.22,broken clouds
150,Waipawa,NZ,-41.4122,175.5153,69.8,49,87,18.41,overcast clouds
151,Pozo Colorado,PY,-23.4923,-58.7972,74.46,48,0,5.12,clear sky
152,Kaitangata,NZ,-46.2817,169.8464,64.0,70,33,11.01,scattered clouds
153,Alugan,PH,12.2188,125.4808,81.21,71,70,14.34,broken clouds
154,Kahului,US,20.8947,-156.47,71.6,83,90,18.41,heavy intensity rain
155,New Norfolk,AU,-42.7826,147.0587,68.0,44,100,7.0,overcast clouds
156,Cherlak,RU,54.155,74.8055,6.49,93,60,14.9,broken clouds
157,Komsomolskiy,UZ,40.4272,71.7189,42.8,70,100,4.61,mist
158,Los Llanos De Aridane,ES,28.6585,-17.9182,64.4,77,75,16.11,broken clouds
159,Rapid Valley,US,44.0625,-103.1463,55.99,40,1,4.61,clear sky
160,Flinders,AU,-34.5833,150.8552,80.01,65,16,8.99,few clouds
161,Abu Kamal,SY,34.4506,40.9171,53.22,73,16,6.71,few clouds
162,Saldanha,ZA,-33.0117,17.9442,51.8,71,100,2.3,overcast clouds
163,Oranjemund,NA,-28.55,16.4333,59.88,72,13,4.07,few clouds
164,Orangeburg,US,33.4918,-80.8557,48.2,56,1,4.5,clear sky
165,Seddon,AU,-37.8068,144.8916,69.01,68,75,13.8,broken clouds
166,Mackenzie,CA,55.2999,-123.1698,32.0,59,1,2.3,clear sky
167,East London,ZA,-33.0153,27.9116,66.81,65,100,5.68,overcast clouds
168,Hay River,CA,60.8156,-115.7999,-0.4,65,15,2.3,few clouds
169,Guzelyurt,TR,38.2772,34.3719,26.6,68,0,11.5,clear sky
170,Saint-Georges,GD,12.0564,-61.7485,77.0,83,20,5.75,few clouds
171,Xining,CN,36.6167,101.7667,41.83,56,27,1.03,scattered clouds
172,College,US,64.8569,-147.8028,32.0,68,75,1.3,broken clouds
173,Hasaki,JP,35.7333,140.8333,54.0,66,75,10.36,broken clouds
174,Aragarcas,BR,-15.8975,-52.2508,69.22,95,100,1.12,overcast clouds
175,Saint-Francois,FR,46.4154,3.9054,30.99,93,0,1.14,mist
176,Vila Do Maio,CV,15.1333,-23.2167,66.2,72,75,25.32,broken clouds
177,Sand Springs,US,36.1398,-96.1089,62.6,31,100,9.22,overcast clouds
178,Saint-Joseph,RE,-21.3667,55.6167,77.0,61,0,9.22,clear sky
179,Maralal,KE,1.0968,36.698,58.71,63,72,4.81,broken clouds
180,Padang,ID,-0.9492,100.3543,86.0,74,20,1.14,few clouds
181,Shymkent,KZ,42.3,69.6,39.2,81,99,4.47,mist
182,Bubaque,GW,11.2833,-15.8333,77.85,63,0,11.41,clear sky
183,Dunedin,NZ,-45.8742,170.5036,61.0,73,37,15.99,scattered clouds
184,Sinawilan,PH,6.7544,125.2464,86.0,66,75,9.22,broken clouds
185,Geraldton,AU,-28.7667,114.6,96.8,26,93,19.57,overcast clouds
186,Ust-Kuyga,RU,70.0167,135.6,-12.01,86,100,5.41,overcast clouds
187,Mananjary,MG,-21.2167,48.3333,73.31,88,15,6.51,few clouds
188,Urumqi,CN,43.801,87.6005,26.6,93,41,2.24,mist
189,Klyuchi,RU,52.2667,79.1667,9.28,93,6,12.01,clear sky
190,Vao,NC,-22.6667,167.4833,75.78,68,46,11.41,scattered clouds
191,Akyab,MM,20.15,92.9,78.3,62,1,3.85,clear sky
192,Lekoni,GA,-1.5843,14.2591,75.54,74,36,3.85,scattered clouds
193,Guerrero Negro,MX,27.9769,-114.0611,58.05,74,100,16.53,overcast clouds
194,Umarkot,PK,25.3616,69.7362,71.44,64,0,7.2,clear sky
195,Yellowknife,CA,62.456,-114.3525,-5.01,71,40,3.44,scattered clouds
196,Bambanglipuro,ID,-7.95,110.2833,83.05,69,97,2.42,overcast clouds
197,Chokurdakh,RU,70.6333,147.9167,-18.29,85,100,18.99,overcast clouds
198,San Quintin,MX,30.4833,-115.95,56.19,75,100,14.23,overcast clouds
199,Hammerfest,NO,70.6634,23.6821,17.6,49,0,2.3,clear sky
200,Butaritari,KI,3.0707,172.7902,80.58,80,40,11.83,light rain
201,Piterka,RU,50.6803,47.4454,23.47,98,100,5.68,light snow
202,Bilibino,RU,68.0546,166.4372,-19.7,80,100,4.34,overcast clouds
203,Kirksville,US,40.1948,-92.5833,55.99,54,1,8.05,clear sky
204,Alofi,NU,-19.0595,-169.9187,84.2,61,40,12.66,scattered clouds
205,Beringovskiy,RU,63.05,179.3167,-13.13,86,92,3.8,overcast clouds
206,Ranau,MY,5.9538,116.6641,86.0,79,20,5.75,few clouds
207,Tiksi,RU,71.6872,128.8694,-17.75,87,100,8.72,overcast clouds
208,Prabumulih,ID,-3.45,104.25,81.01,79,100,4.5,overcast clouds
209,Itarema,BR,-2.9248,-39.9167,78.01,87,12,8.12,few clouds
210,Patos,BR,-7.0244,-37.28,76.39,69,36,5.19,scattered clouds
211,Saint Anthony,US,45.0205,-93.218,48.2,43,1,4.61,clear sky
212,Chipinge,ZW,-20.1883,32.6236,59.32,93,0,2.37,clear sky
213,Hambantota,LK,6.1241,81.1185,78.8,94,20,5.75,few clouds
214,Fuerte,PH,17.5381,120.3644,83.73,51,0,4.97,clear sky
215,Saint George,US,37.1041,-113.5841,68.0,10,1,9.22,clear sky
216,Santa Luzia,BR,-19.7697,-43.8514,69.8,78,75,4.61,light rain
217,Bislig,PH,8.2167,126.2833,83.19,70,100,7.23,heavy intensity rain
218,Honggang,CN,46.4667,124.8667,35.8,58,0,26.91,clear sky
219,Tolga,DZ,34.7222,5.3785,60.8,63,40,5.75,scattered clouds
220,Nikolskoye,RU,59.7035,30.7861,3.0,85,0,3.36,clear sky
221,Chongwe,ZM,-15.3292,28.682,59.72,95,55,0.43,broken clouds
222,Znamenskoye,RU,57.1281,73.8282,11.66,95,100,11.59,overcast clouds
223,Lorengau,PG,-2.0226,147.2712,85.39,68,100,8.48,overcast clouds
224,Santa Lucia,ES,27.9117,-15.5407,62.01,82,75,16.11,broken clouds
225,Malpe,IN,13.35,74.7167,78.8,89,20,4.47,mist
226,Batagay-Alyta,RU,67.8006,130.4114,-9.42,80,100,2.75,overcast clouds
227,Waingapu,ID,-9.6567,120.2641,84.9,65,57,4.36,broken clouds
228,Ancud,CL,-41.8697,-73.8203,48.99,81,0,4.61,clear sky
229,Sistranda,NO,63.7256,8.834,37.4,87,75,10.36,broken clouds
230,Marysville,US,48.0518,-122.1771,48.2,53,1,3.44,clear sky
231,Coquimbo,CL,-29.9533,-71.3436,62.6,94,0,4.61,clear sky
232,Port Blair,IN,11.6667,92.75,80.6,78,20,2.3,mist
233,Wanaka,NZ,-44.7,169.15,64.24,46,100,9.8,overcast clouds
234,Deer Lake,CA,49.1667,-57.4316,12.2,85,1,2.3,clear sky
235,Kununurra,AU,-15.7667,128.7333,86.0,70,40,5.75,scattered clouds
236,Soe,ID,-9.8607,124.284,78.87,74,50,4.7,scattered clouds
237,Bandarbeyla,SO,9.4942,50.8122,75.4,79,69,8.7,broken clouds
238,Sao Joao Da Ponte,BR,-15.9292,-44.0078,68.0,90,99,1.86,light rain
239,Kavaratti,IN,10.5669,72.642,82.83,70,73,8.61,broken clouds
240,Zhanaozen,KZ,43.3,52.8,29.8,99,100,11.83,snow
241,Mersing,MY,2.4312,103.8405,84.2,74,40,9.22,scattered clouds
242,Georgetown,MY,5.4112,100.3354,84.2,58,20,6.91,few clouds
243,Illapel,CL,-31.6308,-71.1653,63.32,73,0,1.1,clear sky
244,Sept-Iles,CA,50.2001,-66.3821,18.0,92,20,2.3,few clouds
245,Adamovka,RU,51.5223,59.9396,12.78,92,71,17.78,broken clouds
246,Viedma,AR,-40.8135,-62.9967,60.75,58,18,15.79,few clouds
247,Emerald,AU,-23.5333,148.1667,91.0,43,40,8.05,scattered clouds
248,De-Kastri,RU,51.4667,140.7833,27.28,90,99,9.66,overcast clouds
249,Rundu,NA,-17.9333,19.7667,64.54,72,34,3.13,scattered clouds
250,Morant Bay,JM,17.8815,-76.4093,80.6,69,20,9.22,few clouds
251,Kalur Kot,PK,32.1564,71.2594,72.16,27,0,7.4,clear sky
252,Narsaq,GL,60.9167,-46.05,26.6,59,90,8.05,overcast clouds
253,Albanel,CA,48.8832,-72.4487,12.2,79,100,2.3,snow
254,Callaway,US,30.153,-85.5699,55.0,66,1,3.44,clear sky
255,Hofn,IS,64.2539,-15.2082,38.79,71,100,15.52,overcast clouds
256,Paisley,GB,55.8317,-4.4325,44.6,93,90,3.44,overcast clouds
257,Morki,RU,56.4303,48.9947,2.35,94,96,5.1,overcast clouds
258,Dabat,ET,12.9842,37.765,53.28,44,0,3.44,clear sky
259,Wanning,CN,18.8003,110.3967,75.74,84,73,10.36,broken clouds
260,Nadym,RU,65.5333,72.5167,-31.11,84,38,9.51,scattered clouds
261,Jaciara,BR,-15.9653,-54.9683,69.01,94,100,3.24,overcast clouds
262,Constitucion,CL,-35.3333,-72.4167,59.14,62,0,9.8,clear sky
263,Katsuura,JP,35.1333,140.3,54.0,63,100,1.01,overcast clouds
264,Smithers,CA,54.7804,-127.1743,32.0,69,40,3.44,scattered clouds
265,Walla Walla,US,46.0646,-118.343,46.0,65,75,6.91,broken clouds
266,Haines Junction,CA,60.7522,-137.5108,21.2,42,0,3.44,clear sky
267,Natitingou,BJ,10.3042,1.3796,76.8,37,36,3.58,scattered clouds
268,Port Elizabeth,ZA,-33.918,25.5701,59.0,88,0,3.44,clear sky
269,Banikoara,BJ,11.2985,2.4386,77.49,20,26,5.64,scattered clouds
270,Pisco,PE,-13.7,-76.2167,75.2,69,0,5.75,clear sky
271,Pachelma,RU,53.2443,43.3521,2.66,94,46,4.88,scattered clouds
272,Cam Ranh,VN,11.9214,109.1591,84.2,61,20,11.5,few clouds
273,Majene,ID,-3.5403,118.9707,87.26,56,25,2.91,scattered clouds
274,Pacific Grove,US,36.6177,-121.9166,52.0,75,90,4.36,overcast clouds
275,Suhut,TR,38.5311,30.5458,34.0,78,100,2.19,overcast clouds
276,Ilheus,BR,-14.7889,-39.0494,82.4,78,40,5.75,scattered clouds
277,Havre-Saint-Pierre,CA,50.2334,-63.5986,17.6,86,1,9.22,clear sky
278,Vanavara,RU,60.34,102.2797,27.37,96,100,16.62,light snow
279,Andenes,NO,69.3143,16.1194,25.0,74,0,12.66,clear sky
280,Inhambane,MZ,-23.865,35.3833,72.82,85,0,7.61,clear sky
281,Port Lincoln,AU,-34.7333,135.8667,67.51,63,1,13.56,clear sky
282,Roma,US,43.2128,-75.4557,33.01,51,90,8.05,overcast clouds
283,Bengkulu,ID,-3.8004,102.2655,83.73,53,100,1.83,overcast clouds
284,Kolondieba,ML,11.0882,-6.8926,78.78,55,64,4.52,broken clouds
285,Abalak,RU,58.1286,68.5944,16.48,96,99,10.6,overcast clouds
286,Ngorongoro,TZ,-3.2397,35.4875,50.07,100,79,1.68,broken clouds
287,Yerbogachen,RU,61.2767,108.0108,15.53,96,100,17.4,light snow
288,Hosdurga,IN,13.7981,76.2861,74.71,54,0,7.36,clear sky
289,Sai Buri,TH,6.7013,101.6168,84.2,70,20,6.91,few clouds
290,Kodinsk,RU,58.6881,99.1844,29.34,93,100,15.97,light snow
291,Mbengwi,CM,6.0167,10.0,63.23,91,7,4.03,clear sky
292,Usinsk,RU,65.9939,57.5281,-29.94,85,87,4.9,overcast clouds
293,Podosinovets,RU,60.2776,47.0659,-13.72,88,66,6.22,broken clouds
294,Tuatapere,NZ,-46.1333,167.6833,66.99,57,100,8.99,moderate rain
295,Tazovskiy,RU,67.4667,78.7,-18.27,88,100,10.94,overcast clouds
296,Dehloran,IR,32.6941,47.2679,57.45,36,7,1.45,clear sky
297,Broome,US,42.2506,-75.833,36.0,38,90,8.05,overcast clouds
298,Buenos Aires,AR,-34.6132,-58.3772,69.8,68,0,11.5,clear sky
299,Champaign,US,40.1334,-88.2001,51.01,66,1,10.36,clear sky
300,Port Augusta,AU,-32.5,137.7667,81.0,53,97,12.66,overcast clouds
301,Clyde River,CA,70.4692,-68.5914,-4.0,84,90,13.8,overcast clouds
302,Albion,US,42.2431,-84.753,46.4,61,1,5.44,clear sky
303,Areka,ET,7.0667,37.7,62.31,34,42,2.86,scattered clouds
304,Salinopolis,BR,-0.6136,-47.3561,78.06,88,100,10.33,overcast clouds
305,Udachnyy,RU,66.4167,112.4,1.2,90,97,8.23,overcast clouds
306,Pontivy,FR,48.0,-3.0,37.0,80,90,4.61,overcast clouds
307,Brindisi,IT,40.5833,17.6667,51.01,93,0,5.75,clear sky
308,Aklavik,CA,68.2191,-135.0107,-0.4,71,0,6.91,clear sky
309,Orono,US,44.8831,-68.672,26.6,54,1,4.61,clear sky
310,Laguna,US,38.421,-121.4238,53.6,50,20,10.36,few clouds
311,Batticaloa,LK,7.7102,81.6924,82.44,68,14,5.88,few clouds
312,Birjand,IR,32.8663,59.2211,51.8,22,0,20.71,clear sky
313,Husavik,IS,66.0449,-17.3389,32.0,74,0,3.44,clear sky
314,Goderich,CA,43.7501,-81.7165,37.4,81,45,4.61,scattered clouds
315,Posadas,AR,-27.3671,-55.8961,66.99,60,0,3.91,clear sky
316,Barcelos,PT,41.5388,-8.6151,48.0,76,0,5.75,clear sky
317,Taltal,CL,-25.4,-70.4833,64.47,79,35,0.92,scattered clouds
318,Quatre Cocos,MU,-20.2078,57.7625,77.0,88,40,6.98,scattered clouds
319,Ilulissat,GL,69.2167,-51.1,17.6,73,90,4.61,overcast clouds
320,Lompoc,US,34.6391,-120.4579,51.8,66,1,9.22,clear sky
321,Sidi Ali,DZ,36.0998,0.4206,48.25,92,99,2.37,overcast clouds
322,Palana,RU,59.1167,159.9667,-2.63,91,37,12.41,scattered clouds
323,Amuntai,ID,-2.4177,115.2494,85.14,73,21,2.33,few clouds
324,Clonakilty,IE,51.6231,-8.8706,46.99,100,75,8.05,broken clouds
325,Raudeberg,NO,61.9875,5.1352,39.99,75,89,18.86,overcast clouds
326,Luderitz,NA,-26.6481,15.1594,61.81,75,1,7.38,clear sky
327,Dharchula,IN,29.85,80.5333,65.07,26,0,2.71,clear sky
328,Balkanabat,TM,39.5108,54.3671,48.42,52,88,8.61,overcast clouds
329,Shingu,JP,33.7333,135.9833,57.2,67,75,4.61,broken clouds
330,Magadan,RU,59.5667,150.8,-3.71,84,38,2.91,scattered clouds
331,Port Hardy,CA,50.6996,-127.4199,44.6,75,90,11.5,overcast clouds
332,Adrar,MR,20.5022,-10.0711,59.95,39,0,9.84,clear sky
333,Fresnillo,MX,23.1667,-102.8833,68.0,21,1,11.5,clear sky
334,Sao Francisco,BR,-15.9486,-44.8644,69.96,92,99,2.84,heavy intensity rain
335,Poum,NC,-20.2333,164.0167,80.15,71,8,10.85,clear sky
336,Saint-Pierre,RE,-21.3393,55.4781,77.0,61,0,8.05,clear sky
337,Soure,BR,-0.7167,-48.5233,77.95,87,100,9.44,moderate rain
338,Manjhanpur,IN,25.5333,81.3833,80.15,19,0,4.07,clear sky
339,Mindelo,CV,16.8901,-24.9804,68.0,64,20,29.93,few clouds
340,Alice Springs,AU,-23.7,133.8833,89.6,25,0,12.66,clear sky
341,Tarrega,ES,41.647,1.1396,45.0,88,76,3.0,broken clouds
342,Malartic,CA,48.1335,-78.1328,26.01,63,90,8.05,light snow
343,Biak,ID,-0.9131,122.8766,75.7,88,100,3.11,overcast clouds
344,Camacha,PT,33.0833,-16.3333,57.2,82,75,11.5,broken clouds
345,Bollnas,SE,61.3482,16.3946,23.0,68,53,5.68,broken clouds
346,Buraydah,SA,26.326,43.975,64.4,45,40,9.22,scattered clouds
347,Presidente Medici,BR,-11.1753,-61.9014,72.84,93,72,1.54,broken clouds
348,Chara,RU,56.9064,118.2631,11.52,84,0,6.98,clear sky
349,Mount Isa,AU,-20.7333,139.5,93.2,33,40,11.5,scattered clouds
350,Oksfjord,NO,70.2396,22.3479,17.6,85,0,5.75,clear sky
351,Cherdyn,RU,60.403,56.4787,-5.39,91,99,7.23,overcast clouds
352,Payo,ID,-3.7508,103.6372,82.99,67,97,3.98,overcast clouds
353,Hanzhong,CN,33.0728,107.0303,56.26,52,57,3.38,broken clouds
354,Natal,BR,-5.795,-35.2094,80.6,78,20,6.91,few clouds
355,Ronne,DK,55.1009,14.7066,32.0,64,75,5.75,broken clouds
356,Tuktoyaktuk,CA,69.4541,-133.0374,-22.0,76,20,9.22,few clouds
357,Kouango,CF,4.9934,19.9619,70.23,77,0,3.38,clear sky
358,Oga,IT,46.4631,10.347,42.01,92,95,2.3,overcast clouds
359,Grimsby,GB,53.5654,-0.0755,42.8,93,90,8.05,overcast clouds
360,Antalaha,MG,-14.9003,50.2788,75.36,89,100,5.32,overcast clouds
361,Jizan,SA,17.3333,42.6667,77.0,78,20,1.34,few clouds
362,Dwarka,IN,22.2394,68.9678,76.01,81,0,3.8,clear sky
363,Kasongo-Lunda,CD,-6.4667,16.8167,69.64,91,98,1.54,overcast clouds
364,High Prairie,CA,55.4334,-116.4858,24.8,86,99,8.05,overcast clouds
365,Verkhoyansk,RU,67.5447,133.385,-9.06,84,53,3.15,broken clouds
366,Grindavik,IS,63.8424,-22.4338,32.0,93,75,4.61,broken clouds
367,Wagga Wagga,AU,-35.1167,147.3667,79.0,46,0,10.36,clear sky
368,Chemal,RU,51.4111,86.005,28.35,91,64,1.07,broken clouds
369,Solnechnyy,RU,50.7214,136.6319,23.63,95,100,5.32,light snow
370,Sisophon,KH,13.5859,102.9737,89.38,44,0,5.73,clear sky
371,Arraial Do Cabo,BR,-22.9661,-42.0278,75.52,84,100,8.48,overcast clouds
372,Barrow,US,71.2906,-156.7887,19.4,73,1,20.71,clear sky
373,Saint-Philippe,RE,-21.3585,55.7679,77.0,61,0,9.22,clear sky
374,Sao Miguel Do Araguaia,BR,-13.275,-50.1628,69.53,95,99,3.89,overcast clouds
375,Athabasca,CA,54.7169,-113.2854,21.2,63,100,3.44,overcast clouds
376,Rawson,AR,-43.3002,-65.1023,63.7,50,64,23.31,broken clouds
377,Santa Rosa,PH,14.3122,121.1114,84.2,65,75,4.61,broken clouds
378,Lagunillas,VE,10.1301,-71.2595,82.96,66,82,8.01,broken clouds
379,Bahir Dar,ET,11.5936,37.3908,68.13,34,17,1.79,few clouds
380,Kramat,ID,-8.1311,113.4499,85.15,65,38,3.33,scattered clouds
381,Blairmore,CA,49.6,-114.4353,34.0,51,100,2.3,overcast clouds
382,Namikupa,TZ,-10.8333,39.6,69.51,95,99,2.75,light rain
383,Nizhnekamsk,RU,55.6366,51.8245,10.4,92,20,8.95,few clouds
384,Adeje,ES,28.1227,-16.726,64.99,77,75,9.22,broken clouds
385,Naryan-Mar,RU,67.6713,53.087,-14.73,88,93,8.23,overcast clouds
386,Tapa,EE,59.2606,25.9586,21.0,68,75,8.05,light snow
387,Matagami,CA,49.7502,-77.6328,21.2,93,90,6.91,light snow
388,Puerto Escondido,MX,15.85,-97.0667,80.6,74,75,4.92,broken clouds
389,Jiwani,PK,25.05,61.7417,71.17,76,0,4.12,clear sky
390,Portree,GB,57.4129,-6.1942,45.0,93,100,13.0,light rain
391,Faya,SA,18.3851,42.4509,57.2,76,0,0.43,clear sky
392,Nuuk,GL,64.1835,-51.7216,23.0,100,90,10.36,light snow
393,Ust-Omchug,RU,61.15,149.6333,-10.44,74,0,2.44,clear sky
394,Borshchiv,UA,48.8033,26.0435,28.0,69,2,6.91,clear sky
395,Vila Franca Do Campo,PT,37.7167,-25.4333,53.6,87,20,5.75,few clouds
396,Dondo,MZ,-19.6094,34.7431,67.19,91,0,3.53,clear sky
397,Bolobo,CD,-2.1667,16.2333,71.62,90,32,2.77,scattered clouds
398,Sandviken,SE,60.6167,16.7667,28.0,50,97,4.0,overcast clouds
399,Takaka,NZ,-40.85,172.8,68.0,68,32,8.99,scattered clouds
400,Taitung,TW,22.7583,121.1444,77.0,57,75,5.75,broken clouds
401,Elk City,US,35.412,-99.4043,60.8,55,1,18.41,clear sky
402,Scottsbluff,US,41.8666,-103.6672,48.99,45,1,9.22,clear sky
403,Kaoma,ZM,-14.7833,24.8,60.76,94,95,2.21,overcast clouds
404,Balikpapan,ID,-1.2675,116.8289,84.99,61,82,5.86,light rain
405,Newport,GB,51.5877,-2.9984,37.0,84,0,6.33,clear sky
406,Edson,CA,53.5835,-116.4356,32.0,80,75,8.05,broken clouds
407,Tura,IN,25.5198,90.2201,80.82,41,0,4.16,clear sky
408,Kavieng,PG,-2.5744,150.7967,83.59,76,38,10.4,scattered clouds
409,Jumla,NP,29.2747,82.1838,50.76,42,0,0.67,clear sky
410,Locri,IT,38.2414,16.2623,53.01,81,0,8.05,clear sky
411,Yamada,JP,39.4667,141.95,46.8,50,0,10.49,clear sky
412,Ust-Kut,RU,56.7938,105.7672,23.59,91,100,8.68,overcast clouds
413,Zyryanka,RU,65.75,150.85,-8.07,83,100,9.48,overcast clouds
414,Roebourne,AU,-20.7833,117.1333,91.45,44,0,9.1,clear sky
415,Kihei,US,20.785,-156.4656,71.6,83,90,18.41,heavy intensity rain
416,Synya,RU,65.3718,58.0387,-33.14,84,26,4.07,scattered clouds
417,Grand Gaube,MU,-20.0064,57.6608,75.99,80,0,3.0,clear sky
418,Ukiah,US,39.1502,-123.2078,46.4,76,75,8.05,broken clouds
419,Katherine,AU,-14.4667,132.2667,86.0,66,19,4.61,few clouds
420,Gat,IL,31.61,34.7642,52.0,92,5,3.09,clear sky
421,Winnemucca,US,40.973,-117.7357,41.0,16,90,11.5,overcast clouds
422,Cap Malheureux,MU,-19.9842,57.6142,75.99,80,0,3.0,clear sky
423,Batemans Bay,AU,-35.7167,150.1833,79.0,73,84,5.99,broken clouds
424,Klaksvik,FO,62.2266,-6.589,44.6,100,90,16.11,overcast clouds
425,Daru,PG,-9.0763,143.2092,84.29,74,72,10.09,broken clouds
426,Adzope,CI,6.1069,-3.8619,75.11,96,93,3.42,overcast clouds
427,Pangai,TO,-19.8,-174.35,82.4,65,40,8.05,scattered clouds
428,Tezu,IN,27.9167,96.1667,79.57,26,63,3.02,broken clouds
429,Sayyan,YE,15.1718,44.3244,50.47,45,0,2.46,clear sky
430,Bonavista,CA,48.6499,-53.1147,26.01,80,100,2.3,overcast clouds
431,Khakhea,BW,-24.6895,23.494,73.94,41,69,10.31,broken clouds
432,Vila,PT,42.0304,-8.1588,37.0,85,10,4.0,clear sky
433,Penzance,GB,50.1186,-5.5371,37.0,86,0,1.14,clear sky
434,Srednekolymsk,RU,67.45,153.6833,-6.54,88,100,14.43,overcast clouds
435,Havelock,US,34.8791,-76.9013,46.0,81,1,2.35,clear sky
436,Richards Bay,ZA,-28.783,32.0377,73.92,88,83,14.07,broken clouds
437,Puqi,CN,29.7167,113.8833,53.69,72,67,5.46,broken clouds
438,Santiago,CL,-33.4569,-70.6483,75.0,37,0,11.5,clear sky
439,Podgornoye,RU,51.735,39.1496,23.0,80,0,2.24,light snow
440,Sergeyevka,KZ,53.88,67.4158,13.06,95,100,19.62,overcast clouds
441,Omemee,CA,44.299,-78.5599,28.4,86,1,8.68,clear sky
442,Saint-Cyr-Sur-Loire,FR,47.4,0.6667,32.0,86,49,5.75,scattered clouds
443,Talnakh,RU,69.4865,88.3972,-11.54,87,98,6.46,overcast clouds
444,Rio Grande,BR,-32.035,-52.0986,70.0,92,100,6.2,light rain
445,Santa Fe,AR,-31.6333,-60.7,77.0,59,0,5.3,clear sky
446,Salisbury,GB,51.0693,-1.7957,35.6,93,0,6.91,clear sky
447,Ipora,BR,-16.4419,-51.1178,66.47,100,99,3.02,overcast clouds
448,Asau,RO,46.4333,26.4,28.0,66,87,0.83,overcast clouds
449,Orange Cove,US,36.6244,-119.3137,54.0,50,1,8.05,clear sky
450,Hualmay,PE,-11.0964,-77.6139,71.96,80,100,1.7,overcast clouds
451,Northam,GB,51.0333,-4.2167,35.01,94,16,3.0,few clouds
452,San Patricio,US,28.017,-97.5169,64.0,82,40,11.5,scattered clouds
453,Uthal,PK,25.8072,66.6219,70.29,66,0,0.27,clear sky
454,Nshamba,TZ,-1.7983,31.5511,59.99,100,100,5.7,light rain
455,Aykhal,RU,66.0,111.5,3.33,91,100,11.63,overcast clouds
456,Petropavlovskoye,RU,52.0712,84.107,14.36,93,17,4.72,few clouds
457,Marsa Matruh,EG,31.3525,27.2453,55.4,71,0,8.05,clear sky
458,Statesboro,US,32.4488,-81.7832,46.4,61,1,5.48,clear sky
459,Tarko-Sale,RU,64.9225,77.785,-16.98,88,99,12.66,overcast clouds
460,Kurilsk,RU,45.2333,147.8833,29.53,90,1,8.68,clear sky
461,Sibolga,ID,1.7427,98.7792,86.22,56,100,1.41,overcast clouds
462,Mayo,US,38.8876,-76.5119,41.0,45,1,7.85,clear sky
463,Iqaluit,CA,63.7506,-68.5145,12.2,85,90,8.05,light snow
464,Coihaique,CL,-45.5752,-72.0662,44.04,84,64,3.49,broken clouds
465,Gambela,ET,8.25,34.5833,77.45,39,27,3.13,scattered clouds
466,Barao De Melgaco,BR,-16.1944,-55.9675,75.2,88,75,4.61,broken clouds
467,Okha,RU,53.5739,142.9478,20.41,92,100,3.83,overcast clouds
468,Riverton,US,40.5219,-111.9391,64.4,29,1,19.57,clear sky
469,Lagoa,PT,39.05,-27.9833,58.8,95,67,9.44,broken clouds
470,Tessalit,ML,20.1986,1.0114,70.74,21,0,8.68,clear sky
471,Naze,JP,28.3667,129.4833,69.8,83,75,3.44,broken clouds
472,Khandbari,NP,27.3747,87.2039,70.68,32,3,1.52,clear sky
473,Fare,PF,-16.7,-151.0167,83.39,72,100,17.81,overcast clouds
474,Prince Albert,CA,53.2001,-105.7677,30.2,64,20,12.66,few clouds
475,Kupang,ID,-10.1667,123.5833,82.4,83,40,2.3,scattered clouds
476,Challakere,IN,14.3167,76.65,76.98,38,0,8.19,clear sky
477,Lebu,CL,-37.6167,-73.65,56.05,85,0,10.13,clear sky
478,Acapulco,MX,16.8634,-99.8901,80.6,83,75,2.3,broken clouds
479,Turukhansk,RU,65.8167,87.9833,4.89,94,100,14.81,light snow
480,Matara,LK,5.9485,80.5353,81.21,71,1,12.28,clear sky
481,Kieta,PG,-6.2167,155.6333,85.35,65,20,5.97,few clouds
482,Hovd,MN,48.0056,91.6419,35.89,63,73,9.19,broken clouds
483,Barabai,ID,-2.5833,115.3833,84.67,73,14,2.26,few clouds
484,Skoghall,SE,59.3232,13.4655,28.4,80,20,3.44,light snow
485,Quelimane,MZ,-17.8786,36.8883,75.2,94,0,4.61,clear sky
486,Dudinka,RU,69.4058,86.1778,-14.44,88,100,9.6,overcast clouds
487,Kloulklubed,PW,7.0419,134.2556,82.4,78,90,11.5,overcast clouds
488,Jaguey Grande,CU,22.5269,-81.1286,66.2,59,40,5.75,light rain
489,Salekhard,RU,66.53,66.6019,-33.2,80,38,3.06,scattered clouds
490,Gushikawa,JP,26.3544,127.8686,73.4,88,20,4.61,few clouds
491,Hobyo,SO,5.3505,48.5268,77.56,82,96,12.86,overcast clouds
492,Tual,ID,-5.6667,132.75,83.21,75,100,14.36,overcast clouds
493,Nampa,US,43.5407,-116.5635,43.0,100,75,2.68,broken clouds
494,Whitianga,NZ,-36.8333,175.7,72.0,63,45,7.0,scattered clouds
495,Sulangan,PH,11.1373,123.7228,80.89,77,12,15.26,few clouds
496,Flin Flon,CA,54.7682,-101.865,13.89,95,28,6.06,scattered clouds
497,Jalu,LY,29.0331,21.5482,71.64,19,100,9.78,overcast clouds
498,Marrakesh,MA,31.6315,-8.0083,51.8,87,75,6.91,broken clouds
499,Zapote,MX,21.0667,-102.8,68.18,24,0,5.68,clear sky
500,Dawson Creek,CA,55.7666,-120.2362,26.6,86,1,3.44,clear sky
501,Tarakan,ID,3.3,117.6333,80.15,77,93,0.6,overcast clouds
502,Gopalur,IN,16.6167,77.8,77.94,34,0,6.44,clear sky
503,Nantucket,US,41.2835,-70.0995,30.2,80,1,14.25,clear sky
504,Port-Gentil,GA,-0.7193,8.7815,80.55,80,97,6.78,overcast clouds
505,Sao Paulo De Olivenca,BR,-3.3783,-68.8725,72.63,98,100,2.86,heavy intensity rain
506,Lima,PE,-12.0432,-77.0282,73.4,78,75,5.75,broken clouds
507,Merauke,ID,-8.4667,140.3333,85.03,69,58,2.39,broken clouds
508,Gus-Zheleznyy,RU,55.0581,41.1656,-0.72,93,48,5.12,scattered clouds
509,Mount Pleasant,US,32.7941,-79.8626,48.99,81,90,3.98,overcast clouds
510,Sokolka,PL,53.4072,23.5023,21.0,81,6,4.38,clear sky
511,Nanchang,CN,28.6833,115.8833,55.18,71,50,4.54,scattered clouds
512,Tyukhtet,RU,56.5389,89.3011,16.27,95,100,13.29,overcast clouds
513,Takoradi,GH,4.8845,-1.7554,80.01,86,96,9.46,overcast clouds
514,Kuliyapitiya,LK,7.4688,80.0401,77.0,88,0,3.44,clear sky
515,Hamilton,US,39.1834,-84.5333,51.01,61,1,4.61,clear sky
516,Puerto Ayacucho,VE,5.6639,-67.6236,79.92,72,100,1.01,overcast clouds
517,Natchez,US,31.5604,-91.4032,55.4,62,1,5.75,clear sky
518,Maceio,BR,-9.6658,-35.7353,75.2,94,20,2.3,few clouds
519,Salamiyah,SY,35.0113,37.0532,48.58,91,81,11.36,broken clouds
520,Chervona Sloboda,UA,49.3789,32.1464,23.45,94,0,9.19,clear sky
521,Surigao,PH,9.7839,125.4889,80.42,82,37,12.59,scattered clouds
522,Graaff-Reinet,ZA,-32.2522,24.5308,57.0,84,100,4.61,overcast clouds
523,Maniago,IT,46.1706,12.7078,42.01,69,94,2.95,overcast clouds
524,Erdenet,MN,49.0333,104.0833,31.84,74,38,5.77,scattered clouds
525,Antofagasta,CL,-23.65,-70.4,68.0,73,75,9.22,broken clouds
526,Lisakovsk,KZ,52.5369,62.4936,14.59,93,77,20.56,broken clouds
527,Yar-Sale,RU,66.8333,70.8333,-28.41,85,64,9.71,broken clouds
528,Henties Bay,NA,-22.116,14.2845,63.72,83,0,7.7,clear sky
529,Marzuq,YE,14.4,46.4667,53.28,38,0,3.67,clear sky
530,La Rioja,ES,42.25,-2.5,43.0,81,90,6.91,overcast clouds
531,Sao Felix Do Xingu,BR,-6.6447,-51.995,72.48,89,99,0.92,overcast clouds
532,Tabuk,PH,17.4189,121.4443,81.61,59,5,3.44,clear sky
533,Aban,RU,56.67,96.06,28.04,93,78,19.48,broken clouds
534,Kholm,RU,59.2667,32.85,-7.94,91,64,4.09,broken clouds
535,Broken Hill,AU,-31.95,141.4333,78.8,36,39,14.97,scattered clouds
536,Houma,US,29.5958,-90.7195,59.0,71,1,5.35,clear sky
537,Alyangula,AU,-13.8483,136.4192,86.0,70,75,6.91,broken clouds
538,Ovre Ardal,NO,61.3167,7.8,11.5,86,27,0.54,scattered clouds
539,Maniitsoq,GL,65.4167,-52.9,16.54,94,95,4.52,overcast clouds
540,Karratha,AU,-20.7377,116.8463,89.04,51,0,10.04,clear sky
541,Tomatlan,MX,19.9333,-105.25,67.44,88,0,0.13,clear sky
542,Berekum,GH,7.4534,-2.584,75.22,87,17,7.4,few clouds
543,Russell,US,32.3502,-85.1999,57.2,53,1,2.8,clear sky
544,Ozernovskiy,RU,51.5,156.5167,22.26,91,100,15.75,light snow
545,Leh,IN,34.1667,77.5833,15.57,81,83,2.35,broken clouds
546,Sola,VU,-13.8833,167.55,81.99,71,65,2.28,broken clouds
547,Kalabo,ZM,-14.97,22.6814,64.13,95,80,4.29,broken clouds
548,Severobaykalsk,RU,55.65,109.3167,15.4,89,100,1.92,overcast clouds
549,Clermont,FR,49.5,2.4167,37.0,87,90,4.61,overcast clouds
550,Turtas,RU,58.9417,69.1325,14.18,96,100,7.85,light snow
551,Bani,DO,18.2833,-70.3333,77.0,84,53,5.01,broken clouds
552,Oriximina,BR,-1.7656,-55.8661,75.63,89,100,2.13,overcast clouds
553,Hargeysa,SO,9.56,44.065,58.46,75,0,5.41,clear sky
554,Henderson,US,36.0397,-114.9819,66.2,15,1,14.97,clear sky
555,Dinghai,CN,26.2847,119.7936,62.6,67,20,8.95,few clouds
556,Phaltan,IN,17.9833,74.4333,78.94,21,0,2.91,clear sky
557,Mazagao,BR,-0.115,-51.2894,78.8,100,20,2.3,heavy intensity rain
558,Massa Marittima,IT,43.049,10.8928,52.0,73,100,7.29,overcast clouds
559,Labuhan,ID,-6.8844,112.2051,81.18,77,91,5.99,overcast clouds
560,Valdivia,CL,-39.8142,-73.2459,51.8,93,52,0.87,broken clouds
561,Egvekinot,RU,66.3167,-179.1667,-19.53,90,84,5.7,broken clouds
562,Kudahuvadhoo,MV,2.6708,72.8944,82.76,76,68,9.31,moderate rain
563,Galesburg,US,40.9478,-90.3712,55.99,53,1,6.91,clear sky
564,Lixourion,GR,38.2019,20.4314,55.27,77,100,6.82,overcast clouds
565,Pitimbu,BR,-7.4706,-34.8086,77.0,94,0,3.44,clear sky
566,Tigzirt,DZ,36.8886,4.1198,54.57,85,100,11.54,overcast clouds
567,Kanigoro,ID,-8.13,112.219,82.67,70,96,4.29,overcast clouds
568,Tautira,PF,-17.7333,-149.15,84.2,74,75,12.66,broken clouds
569,Zapolyarnyy,RU,69.4154,30.8136,8.6,85,75,8.05,broken clouds
570,Jiuquan,CN,39.7432,98.5174,51.22,37,2,13.11,clear sky
571,Nouadhibou,MR,20.931,-17.0347,62.38,82,0,24.02,clear sky
572,Marawi,PH,7.9986,124.2928,82.0,81,63,7.0,broken clouds
573,Rexburg,US,43.826,-111.7897,42.8,56,90,6.91,overcast clouds
574,Sao Joao Do Paraiso,BR,-15.3136,-42.0144,67.93,90,92,2.86,overcast clouds
575,Ostrovnoy,RU,68.0531,39.5131,1.36,92,99,15.14,overcast clouds
576,Ucluelet,CA,48.9329,-125.5528,46.0,75,100,8.46,overcast clouds
577,Chapais,CA,49.7834,-74.8492,21.2,93,90,10.36,light snow
578,Evensk,RU,61.95,159.2333,-14.98,74,0,1.5,clear sky
579,Imeni Poliny Osipenko,RU,52.4201,136.4853,22.01,97,100,6.49,light snow
580,Anadyr,RU,64.75,177.4833,-16.6,69,0,6.71,clear sky
581,Dalby,AU,-27.1833,151.2667,84.2,54,75,11.5,broken clouds
582,Paamiut,GL,61.994,-49.6678,20.46,96,100,6.44,light snow
583,Moosomin,CA,50.1333,-101.6677,33.73,91,100,5.73,light snow
584,Samana,DO,19.2056,-69.3369,74.57,85,8,9.93,clear sky
585,Pangnirtung,CA,66.1451,-65.7125,16.36,92,100,2.64,light snow
586,Havoysund,NO,70.9963,24.6622,17.6,49,0,2.3,clear sky
587,Buala,SB,-8.145,159.5921,86.67,59,89,3.09,overcast clouds
588,Loandjili,CG,-4.7561,11.8578,77.0,94,20,2.3,few clouds
589,San Vicente,AR,-26.6167,-54.1333,61.11,81,0,2.64,clear sky
590,Marsh Harbour,BS,26.5412,-77.0636,66.7,68,36,24.49,scattered clouds
591,Lugus,PH,5.7036,120.8203,81.88,74,70,6.87,broken clouds
592,Shetpe,KZ,44.1667,52.1167,30.07,92,100,10.87,overcast clouds
593,San Lorenzo,PY,-25.3333,-57.5333,77.0,65,0,3.44,clear sky
594,Am Timan,TD,11.0297,20.2827,74.35,18,0,6.8,clear sky
595,Tacna,PE,-18.0056,-70.2483,71.6,68,0,2.3,clear sky
596,Komatipoort,ZA,-25.4332,31.9548,70.0,95,0,4.14,clear sky
597,Manokwari,ID,-0.8667,134.0833,81.05,75,100,4.54,overcast clouds
598,Ulladulla,AU,-35.35,150.4667,79.0,60,75,13.8,broken clouds
599,Namibe,AO,-15.1961,12.1522,72.75,80,60,4.52,light rain
600,Bilma,NE,18.6853,12.9164,72.01,16,0,5.61,clear sky
601,Turayf,SA,31.6725,38.6637,44.6,93,0,4.61,clear sky
602,Kuri,KR,37.5986,127.1394,50.0,43,75,4.61,haze
603,Price,US,39.5994,-110.8107,55.4,21,1,10.36,clear sky
604,Sillamae,EE,59.3997,27.7547,11.98,93,71,4.0,broken clouds
605,Sitka,US,57.0531,-135.33,37.4,52,20,8.05,few clouds
606,La Ronge,CA,55.1001,-105.2842,17.6,49,48,2.3,scattered clouds
607,Sechura,PE,-5.5569,-80.8222,78.19,68,95,3.36,overcast clouds
608,Manavgat,TR,36.7867,31.4431,57.0,66,75,4.61,broken clouds
609,Pochutla,MX,15.7432,-96.4661,79.0,74,53,3.0,broken clouds
610,Bettiah,IN,26.8,84.5,74.57,33,0,9.98,clear sky
611,Praia Da Vitoria,PT,38.7333,-27.0667,55.99,100,75,3.89,light intensity drizzle
612,Lasa,IT,46.6166,10.7002,39.99,57,93,1.88,overcast clouds
613,Ballina,AU,-28.8667,153.5667,84.2,61,99,11.5,overcast clouds
614,Kadhan,PK,24.481,68.9859,71.71,75,0,8.68,clear sky
615,Nova Borova,UA,50.693,28.6345,23.58,96,25,8.97,scattered clouds
616,Agutaya,PH,11.148,120.9417,80.67,79,7,22.26,clear sky
617,Dayong,CN,25.0209,118.2898,66.2,63,0,4.47,clear sky
618,Canguaretama,BR,-6.38,-35.1289,80.6,78,20,6.91,few clouds
619,Fortuna,US,40.5982,-124.1573,45.0,87,90,8.05,overcast clouds
620,Rosetta,EG,31.4044,30.4164,55.4,94,0,4.61,clear sky
621,Yenagoa,NG,4.9247,6.2642,77.45,93,0,3.98,clear sky
622,Ternate,ID,0.8,127.4,84.45,69,98,6.26,overcast clouds
623,Zheleznodorozhnyy,RU,55.7503,38.0042,6.8,85,20,8.95,few clouds
624,Banes,CU,20.9625,-75.7186,71.6,64,75,12.66,broken clouds
625,Aktash,RU,50.3,87.7333,14.43,92,0,3.8,clear sky
626,Nouakchott,MR,18.0858,-15.9785,62.6,82,58,12.66,broken clouds
627,Ramsar,IR,36.9226,50.6426,48.2,87,90,2.3,mist
628,Camp Verde,US,34.5636,-111.8543,60.01,20,1,16.11,clear sky
629,At-Bashi,KG,41.1702,75.8106,25.09,85,99,1.39,overcast clouds
630,Storslett,NO,69.7678,21.0247,12.4,87,0,12.97,clear sky
631,Virginia Beach,US,36.8529,-75.978,42.8,61,1,5.95,clear sky
632,Griffith,US,41.5284,-87.4237,52.0,62,75,3.44,broken clouds
633,Atar,MR,20.5169,-13.0499,61.9,43,0,11.25,clear sky
634,Trindade,BR,-16.6494,-49.4889,71.6,88,90,3.44,overcast clouds
635,Ibia,BR,-19.4783,-46.5389,66.99,100,100,0.45,overcast clouds
636,Tobol,KZ,52.6844,62.5794,14.83,93,64,20.74,broken clouds
637,Darnah,LY,32.767,22.6367,66.07,30,50,22.21,scattered clouds
638,Bahia Blanca,AR,-38.7196,-62.2724,58.91,52,0,11.05,clear sky
639,Kotido,UG,2.9806,34.1331,66.88,73,0,5.39,clear sky
640,Sibut,CF,5.718,19.0739,71.06,61,0,3.18,clear sky
641,Oktyabrskiy,RU,54.4815,53.471,12.15,95,86,7.78,overcast clouds
642,Abha,SA,18.2164,42.5053,57.2,76,0,0.81,clear sky
643,Sampit,ID,-2.5333,112.95,83.48,72,96,4.27,overcast clouds
644,Kailua,US,21.4022,-157.7394,75.2,73,75,17.27,light rain
645,Aden,YE,12.7794,45.0367,77.9,68,0,14.83,clear sky
646,Bosaso,SO,11.2842,49.1816,74.71,74,0,7.72,clear sky
647,Kajaani,FI,64.2273,27.7285,-11.2,84,0,1.14,clear sky
648,Vasterhaninge,SE,59.1167,18.1,27.0,40,63,1.01,broken clouds
649,Shibetsu,JP,43.659,145.132,32.0,74,75,4.61,broken clouds
650,Batamshinskiy,KZ,50.5594,58.2747,17.6,79,85,20.13,snow
651,San Juan,AR,-31.5375,-68.5364,75.61,46,41,1.54,scattered clouds
652,Beyneu,KZ,45.3167,55.2,32.05,92,100,7.47,overcast clouds
653,Kalengwa,ZM,-13.4659,25.0027,61.14,99,96,1.36,overcast clouds
654,Ketchikan,US,55.3422,-131.6461,42.8,93,20,0.94,few clouds
655,Shache,CN,38.4167,77.2406,52.41,40,75,3.02,broken clouds
656,Sioux Lookout,CA,50.1001,-91.917,39.2,45,20,4.61,few clouds
657,Burnie,AU,-41.0667,145.9167,64.99,54,39,14.0,scattered clouds
658,Tall Kayf,TR,37.0833,41.0667,44.4,55,56,5.53,broken clouds
659,Penukonda,IN,14.0833,77.5833,76.46,31,0,8.1,clear sky
660,Negombo,LK,7.2083,79.8358,77.0,88,0,3.44,clear sky
661,Upington,ZA,-28.4478,21.2561,62.6,42,0,3.44,clear sky
662,Acarau,BR,-2.8856,-40.12,78.33,86,10,8.97,clear sky
663,Freeport,US,40.6576,-73.5832,39.99,52,1,8.05,clear sky
664,Beira,MZ,-19.8436,34.8389,70.54,85,0,4.56,clear sky
665,Hilton Head Island,US,32.2163,-80.7526,46.99,75,1,2.59,clear sky
666,Steinbach,DE,50.1667,8.5667,36.0,80,0,4.61,clear sky
667,Itupiranga,BR,-5.1347,-49.3267,73.98,94,97,2.04,overcast clouds
668,Kulhudhuffushi,MV,6.6221,73.07,82.92,73,43,10.74,scattered clouds
669,Aketi,CD,2.7388,23.7833,68.99,93,100,2.04,overcast clouds
670,Juneau,US,58.3019,-134.4197,35.6,35,20,11.5,few clouds
671,Murud,IN,18.3258,72.965,78.87,43,0,4.05,clear sky
672,Neuquen,AR,-38.9516,-68.0591,68.0,52,38,4.61,scattered clouds
673,San Jose,US,37.3394,-121.895,55.99,41,75,11.5,broken clouds
674,Barcelona,ES,41.3888,2.159,53.01,81,20,10.36,few clouds
675,Ponta Delgada,PT,37.7333,-25.6667,53.6,87,20,5.75,few clouds
676,Surt,LY,31.2089,16.5887,61.12,86,0,12.75,clear sky
677,Fairbanks,US,64.8378,-147.7164,32.0,55,1,6.91,clear sky
678,Bolgatanga,GH,10.7856,-0.8514,85.14,37,66,4.16,broken clouds
679,Nikolayevsk-Na-Amure,RU,53.1406,140.73,24.82,93,100,3.49,overcast clouds
680,Mchinji,MW,-13.7984,32.8802,63.03,99,100,1.43,light rain
681,Sandwick,GB,60.0,-1.25,42.8,81,90,12.66,overcast clouds
682,Walvis Bay,NA,-22.9575,14.5053,55.4,88,0,4.61,clear sky
683,Palmer,US,42.1584,-72.3287,33.8,29,75,3.44,broken clouds
684,Christchurch,NZ,-43.5333,172.6333,68.0,52,34,19.57,scattered clouds
685,Sapouy,BF,11.5544,-1.7736,82.18,44,8,4.09,clear sky
686,Nahrin,AF,36.0649,69.1334,53.53,41,80,6.78,broken clouds
687,Neuruppin,DE,52.9282,12.8031,32.0,70,100,4.5,overcast clouds
688,Comodoro Rivadavia,AR,-45.8667,-67.5,60.8,67,0,3.44,clear sky
